title,language,date
"

현대모비스 알고리즘 경진대회 곧 모집 마감이래요!

",Python, 2022-06-21 
"
와이즈넛 소개 
",Java, 2022-06-13 
"
 답변 1

C언어 틱택토 게임
답변 1

",C/C++, 2022-06-08 
"
 답변 1

Firebase 데이터베이스에 관련된 모든 작업이 작동하지 않습니다.
답변 1

",Kotlin, 2022-05-30 
"
 답변 1

씬빌더 TabPane 왼쪽 탭 글씨 조정
답변 1

",Java, 2022-05-29 
"
 답변 1

넷빈즈에서 씬빌더 화면전환 ....
답변 1

",Java, 2022-05-28 
"
 답변 1

자바스크립트 코드 내에서 this는 총 몇 가지까지 추론 될 수 있나요?
답변 1

",Javascript, 2022-05-28 
"
 답변 대기중

R그래프 넓이 도출
답변 대기중

",R, 2022-05-24 
"
 답변 대기중

r markdowm knit 처음 실행시 오류에 관해
답변 대기중

",R, 2022-05-19 
"

R studio 완전삭제 질문드립니다

",R, 2022-05-17 
"
 답변 대기중

r^2값에 대해서 여쭤보고싶어요
답변 대기중

",R, 2022-05-17 
"
 답변 대기중

다중회귀분석을 공부하는 대학생입니다. 앞에서채우기 뒤에서채우기 평균값채우기 말고 결측치 채우는 방법 코드 한개만 알려주실수있을까요?
답변 대기중

",Python, 2022-05-16 
"
 답변 1

패키지 library 관련해서 질문드립니다
답변 1

",R, 2022-05-15 
"
 답변 1

자바와 자바스크립트 차이에 대해서 문의 드립니다.
답변 1

",Javascript, 2022-05-12 
"
 답변 대기중

백준 2525번 오븐문제를 풀어봤는데 왜틀린지 모르겠어요. ㅠㅠ
답변 대기중

",Java, 2022-05-10 
"
 답변 1

패키지 설치 관련해서 질문드립니다.
답변 1

",R, 2022-05-07 
"
 답변 1

(자바스크립트) 비디오가 안 나오는 것에 대해서 질문 드립니다.
답변 1

",Javascript, 2022-05-05 
"
 답변 1

파이썬 for문 간단한 질문 하나만 받아주십시오
답변 1

",Python, 2022-05-05 
"
 답변 1

[C#/WPF] RGBa 배열을 BitmapSource 혹은 BitmapImage로 변환하는 방법을 알고싶습니다...
답변 1

",C#, 2022-05-04 
"
 답변 대기중

for, while, repeat 반복문에 대한 과제입니다. 헷갈립니다.
답변 대기중

",R, 2022-04-30 
"
 답변 1

회사 A/S 데이터를 관리하려고 하는데 도움 부탁드립니다!!
답변 1

",Javascript, 2022-04-25 
"
 답변 대기중

선형회귀분석 과제인데요.. (영어로 된 문제입니다) 테이블 좀 도와주세요ㅠㅠ
답변 대기중

",R, 2022-04-25 
"
 답변 1

[C++] 안녕하세요 C++ 기초 문자열 반복 입력에 관한 문제입니다
답변 1

",C/C++, 2022-04-23 
"

간단한 r문제 도와주실분ㅜㅜㅜㅜ

",R, 2022-04-21 
"

간단한 r문제 도와주실분ㅜㅜㅜㅜ

",R, 2022-04-21 
"
 답변 1

[MFC] CFileFind 를 이용하여 여러 DAT 파일을 읽어오고 Byte로 저장하는 코드 입니다...
답변 1

",mfc, 2022-04-19 
"
 답변 대기중

R 사용자정의함수 질문입니다! (급함)
답변 대기중
댓글 1
",R, 2022-04-09 
"
 답변 1

R 독학하는 사람입니다. 어떻게 코딩짤지 모르겠습니다ㅠㅠ
답변 1

",R, 2022-04-08 
"
 답변 1

부트스트랩4로 취미삼아 홈페이지만들려고 하는데...이메일폼 과 갤러리개발?
답변 1

",Javascript, 2022-04-01 
"
 답변 1

c언어 코딩 질문
답변 1

",C/C++, 2022-03-31 
"
 답변 대기중

R raster package 설치 후 실행 문제 - ""지정된 모듈을 찾을 수 없습니다."" GDAL error 1
답변 대기중
댓글 1
",R, 2022-03-21 
"
 답변 대기중

의뢰도 가능할까요
답변 대기중

",C/C++, 2022-03-03 
"
 답변 1

c++에서 데이터 시각화를 위한 라이브러리를 어떤걸 쓰나요?
답변 1

",C/C++, 2022-02-22 
"
 답변 대기중

데이터 전처리 초보적 질문입니다 ㅠㅠ
답변 대기중

",R, 2022-02-10 
"
 답변 1

mod_security오류
답변 1

",JSP, 2022-02-07 
"
 답변 1

chart.js 도넛차트 hover시 가운데 글자 넣기
답변 1

",TypeScript, 2022-01-25 
"
 답변 1

(React.js) QWebview-plus 또는 Kiwoom-Helper를 가져다 쓰는법
답변 1

",Javascript, 2022-01-21 
"
 답변 1

swift story board에서 이미지 간격에 관한 질문
답변 1

",Swift, 2022-01-12 
"
 답변 1

Python에서 php사용하는 방법을 알려주세요
답변 1

",Python, 2022-01-12 
"
 답변 대기중

데이터 전처리 과정에서 어려운 것이 있어 질문 드립니다.
답변 대기중

",R, 2022-01-10 
"
 답변 1

파이썬으로 개발한 random forest모형을 java에서 호출할 수 있는 방법이 있을까요?
답변 1

",Python, 2021-12-27 
"
 답변 1

자바 메소드 관련해서 질문 드립니다 ㅠ
답변 1

",Java, 2021-12-17 
"

[긴급] 거의 모든 서버가 위험하다! 매우 치명적인 ‘로그4j’ 보안 취약점 발견

",Java, 2021-12-13 
"
 답변 1

PHP 구구단 질문
답변 1

",PHP, 2021-12-12 
"

◈ [서울특별시, SBA 서울산업진흥원] 웹 & 앱 UX/UI 스페셜리스트 데뷔과정에 초대합니다! (~12/19) ◈

",Javascript, 2021-12-06 
"
 답변 1

비주얼 스튜디오 C언어 복리계산 예제 문제 질문드립니다.
답변 1

",C/C++, 2021-11-30 
"

PHP 8.1이 릴리즈 되었네요

",PHP, 2021-11-29 
"
 답변 1

크롬 확장프로그램 개발 질문있습니다.
답변 1

",Javascript, 2021-11-26 
"
 답변 1

__attribute__(section) 으로 지정한 영역에 변수를 저장하고 초기값을 부여하고 싶어요.
답변 1

",C/C++, 2021-11-25 
"
 답변 1

파이썬 변수의 변화 감지
답변 1

",Python, 2021-11-22 
"
 답변 대기중

springboot를 통해 lms 웹 개발을 진행하고 있는데, 모르는 부분이 있습니다.
답변 대기중

",Java, 2021-11-11 
"
 답변 대기중

자바 질문합니다 !
답변 대기중

",Java, 2021-11-07 
"
 답변 1

파이썬 질문
답변 1

",Python, 2021-11-05 
"
 답변 대기중

C# 완전 기초 질문드립니다...ㅠㅜ
답변 대기중

",C#, 2021-10-24 
"
 답변 대기중

ggplot2로 만드는 그래프에서 질문있습니다!
답변 대기중

",R, 2021-10-13 
"
 답변 대기중

파이썬 csv파일 불러 온 뒤 비교하기 질문있습니다.
답변 대기중

",Python, 2021-10-11 
"
 답변 대기중

파이썬 연속하는 수 찾는 방법이 뭘까요??
답변 대기중

",Python, 2021-10-11 
"
 답변 대기중

파이썬으로 처음 코딩 공부를 시작하는데 어렵네요..
답변 대기중
댓글 2
",Python, 2021-10-09 
"
 답변 대기중

[JAVA] 리스트를 그룹핑해서 맵으로 변환할때 질문드립니다.
답변 대기중

",Java, 2021-10-08 
"

자바로 만든 베스트 게임 7가지

",Java, 2021-09-28 
"
 답변 1

AI 적용한 웹사이트 구현 질문드립니다.
답변 1
댓글 1
",Python, 2021-10-03 
"
 답변 대기중

과제 아님))) 나이브 베이즈 모델 관련 질문입니다.
답변 대기중

",R, 2021-10-03 
"

try-finally 보다는 try-with-resources를 사용하라

",Java, 2021-09-28 
"
 답변 대기중

이걸 R로 어떻게 구하는지 모르겠습니다(교수님도 안알려주시던데....)
답변 대기중
댓글 1
",R, 2021-09-28 
"
 답변 1

sublime text 3 오류 질문
답변 1

",Python, 2021-09-07 
"
 답변 대기중

모바일 웹에서 앱 호출 질문이요!
답변 대기중
댓글 1
",Javascript, 2021-08-24 
"
 답변 1

파이썬 selenium에서 체크박스를 누르는 방법이 궁금합니다.
답변 1

",Python, 2021-08-05 
"
 답변 대기중

Java 국비 교육 질문이요
답변 대기중

",Java, 2021-08-12 
"

타입스크립트에 옵셔널 체이닝 연산자를 사용할 수 있습니다.

",TypeScript, 2021-08-09 
"
 답변 대기중

그래도 안되면..
답변 대기중

",Java, 2021-08-07 
"
 답변 1

ajax 및 window.close기능에 대해 질문드립니다.
답변 1

",Javascript, 2021-08-01 
"
 답변 대기중

[질문] 프로그램과 하드웨어 연결 개념 부탁..
답변 대기중
댓글 1
",C/C++, 2021-07-17 
"
 답변 1

파이썬 비쥬얼 스튜디오에서 튜플 값을 추가하려면 어떻게 하나요
답변 1

",Python, 2021-07-12 
"
 답변 1

C# webBrowser 컨트롤 세션값 유지 문의
답변 1

",C#, 2021-07-05 
"
 답변 1

파일 탐색하는 프로그램 만드는데 _findnexti64 이 함수에 관련해서 잘 아시는 분 있으신가요?
답변 1

",C/C++, 2021-06-25 
"
 답변 1

javafx.fxml.LoadException 에러
답변 1

",Java, 2021-06-15 
"

Windows WCF 기반의 C#를 사용하는 미틀웨어가 필요하세요?
댓글 1
",C#, 2021-06-08 
"
 답변 대기중

틱택토 질문 초보자용
답변 대기중

",C/C++, 2021-06-08 
"
 답변 1

javaFx TextArea 테두리 없애는 방법을 알수 있습니까?
답변 1

",Java, 2021-06-06 
"
 답변 대기중

파이썬 telegram-bot 이용법
답변 대기중

",Python, 2021-06-06 
"
 답변 대기중

C# 머신러닝 과제중인데요...ㅠㅜ
답변 대기중
댓글 1
",C#, 2021-06-05 
"
 답변 1

마우스 이벤트 관련 질문 좀 드리겠습니다.
답변 1

",C#, 2021-06-03 
"
 답변 대기중

선형회귀 질문
답변 대기중

",R, 2021-06-04 
"
 답변 대기중

R 가설검증 과제인데 어떻게 해야할지 모르겠어요..
답변 대기중

",R, 2021-06-01 
"
 답변 대기중

틱택토 게임입니다. a 1 b 1 형식으로 입력받아 처리할 수 있도록 수정하고 싶은데 어떻게 해야할지 모르겠습니다ㅠㅠ
답변 대기중

",C/C++, 2021-05-31 
"
 답변 대기중

연쇄행렬곱셈의 브루트포스 알고리즘에 대해서 알고 싶습니다.
답변 대기중

",Python, 2021-05-30 
"
 답변 2

c# winform 화면에 ios, android 단말기 정보 표시하고 싶습니다.
답변 2

",C#, 2021-05-23 
"
 답변 대기중

PHP에서 데이터 베이스 추출 조건을 데이터베이스 내용과 테이블 내용이 일치할경우 데이터베이스내용을 표시하는방법을 알고 싶습니다.
답변 대기중

",Javascript, 2021-05-27 
"
 답변 대기중

R코딩을 하다가 막혀서 질문드립니다.
답변 대기중

",R, 2021-05-27 
"
 답변 2

바코드 스캐너 오픈 라이브러리 활용방법
답변 2

",Javascript, 2021-05-22 
"

Slidev - 프론트엔드 개발자를 위한 PPT 제작 툴

",Javascript, 2021-05-14 
"
 답변 1

오디오 녹음 후 Line unavailable 예외 발생에 대한 질문과 저장에 관한 질문 드립니다!
답변 1

",Java, 2021-05-15 
"
 답변 1

다중 요청에 대한 처리(?) 고수님들 도와주세요 ㅠㅠ
답변 1

",PHP, 2021-05-14 
"

WebAssembly Cloud - 설치없이 브라우저에서 웹어셈블리를 돌려볼 수 있는 페이지

",Javascript, 2021-05-13 
"

Bootstrap 5 정식 출시

",HTML · CSS, 2021-05-08 
"
 답변 1

파이어베이스에서 읽어오는 데이터 값이 저장이 되지 않습니다.
답변 1

",Kotlin, 2021-05-04 
"
 답변 1

bs4 라이브러리 설치 오류
답변 1

",Python, 2021-05-03 
"
 답변 1

javaFX TextField 한글 입력 및 한/영 변환
답변 1

",Java, 2021-05-04 
"
 답변 대기중

C언어 예제 소스 질문
답변 대기중
댓글 1
",C/C++, 2021-05-02 
"

Kotlin에서 외부 라이브러리 사용하지 않고 JSON 데이터 파싱하는 3가지 방법

",Kotlin, 2021-04-20 
"
 답변 1

틱택톡 게임인데요~!
컴퓨터가 다음수를 결정하도록 프로그램을 어떻게 변경해야 되는지 모르겠습니다.ㅜ
도와주세요~~!
답변 1

",C/C++, 2021-04-19 
"
 답변 대기중

||연산자 관련 입니다!
답변 대기중
댓글 1
",C/C++, 2021-04-27 
"
 답변 1

파이썬 전화번호부 만들기
답변 1

",Python, 2021-04-27 
"
 답변 대기중

R 함수 실행 관련 문의드립니다!
답변 대기중
댓글 1
",R, 2021-04-25 
"
 답변 1

RUBY는 어떤 언어인가요?
답변 1

",Ruby, 2021-04-21 
"
 답변 2

파이썬 초보 질문좀 받아주세요
답변 2

",Python, 2021-04-19 
"

Kotlin으로 만든 아재개그 앱 소스

",Kotlin, 2021-04-20 
"

Vugu - Go 언어로 만들어져 웹어셈블리로 실행되는 Vue 스타일의 프론트엔드 라이브러리

",Go, 2021-04-18 
"
 답변 1

안녕 하십니까? 여러분 PC 프로그래밍 관련 질문 입니다.
답변 1

",Visual Basic, 2021-04-15 
"
 답변 1

c언어 하노이탑 for문 구현 질문
답변 1

",C/C++, 2021-04-10 
"

[Kotlin 팁] Kotlin 실행시간 측정

",Kotlin, 2021-04-11 
"
 답변 1

간단한 R 코딩 질문
답변 1

",R, 2021-04-12 
"
 답변 1

각각의 txt파일에서 많은 양의 교체,삭제,추출 일괄처리
답변 1

",Javascript, 2021-04-12 
"

영화 전용 HTML5 플레이어 moovie.js

",Javascript, 2021-04-13 
"
 답변 1

RMD knit 저장시 predict()에서 실행 정지 오류
답변 1

",R, 2021-04-11 
"

FXSkins - Java와 JavaFX를 위한 스킨 라이브러리

",Java, 2021-04-11 
"

우리가 몰랐던 HTML 팁들

",CSS, 2021-04-12 
"

자바스크립트 const의 장점을 살리면서 let 사용하기

",Javascript, 2021-04-10 
"

자바스크립트에서 배열을 합치는 3가지 방법

",Javascript, 2021-04-10 
"
 답변 대기중

하노이탑 for문(반복문) 틀린거 알려주세요..
답변 대기중

",Objective-C, 2021-04-11 
"
 답변 대기중

C 파일 입출력을 이용하여 간단한 코드를 짜고있는데, 문자열을 찾아 수정, 삭제 하는 부분에서 막혔습니다.
답변 대기중
댓글 1
",C/C++, 2021-04-06 
"
 답변 1

동일한 열을 제거하는 함수가 있나요??
답변 1

",R, 2021-04-03 
"
 답변 대기중

C++ *this 반환할때 레퍼런스 사용 이유
답변 대기중

",C/C++, 2021-04-05 
"
 답변 1

spring (egov) safari 파일다운 질문드립니다 ㅠㅠ 도와주세요
답변 1

",Javascript, 2021-03-30 
"
 답변 1

c++ 멱집합 질문드립니다.
답변 1

",C/C++, 2021-03-30 
"
 답변 1

c++ using namespace std
답변 1

",C/C++, 2021-03-29 
"
 답변 1

게임 매크로 관련 질문
답변 1

",Python, 2021-03-26 
"

Kotlin Playground - 웹에서 Kotlin 코드를 만들어서 실행도 하고 공유도 할 수 있는 사이트

",Kotlin, 2021-03-22 
"
 답변 대기중

R 조건부확률 질문
답변 대기중

",R, 2021-03-27 
"
 답변 1

자바스크립트 scroll 관련 질문 (스크롤 시 한번만 이벤트가 일어나도록)
답변 1

",Javascript, 2021-03-12 
"
 답변 1

자바 알고리즘 질문
답변 1

",Java, 2021-03-21 
"
 답변 1

아주 간단한 for문에 대한 질문입니다.
답변 1

",Python, 2021-03-17 
"
 답변 1

swift BehaviorRelay 질문이요
답변 1

",Swift, 2021-03-19 
"

왜 자바 서버 개발자들은 코틀린을 채택하지 않는가
댓글 1
",Kotlin, 2021-03-08 
"

console.log() 제대로 활용하는 방법

",Javascript, 2021-03-15 
"

SwiftUI를 빨리 마스터하는 팁

",Swift, 2021-03-15 
"

코틀린으로 5G 네트워크 감지하기 (+ 겸사겸사 종량제 네트워크 감지하기)
댓글 1
",Kotlin, 2021-03-09 
"

Spring Boot with Kotlin and RSocket

",Kotlin, 2021-03-08 
"
 답변 1

클래스 공부중인데 왜 오류가 뜨는지 모르겠습니다..
답변 1
댓글 1
",Python, 2021-03-01 
"
 답변 1

왜 오류가 뜨는지 모르겠어요..
답변 1

",Python, 2021-02-28 
"
 답변 1

파이썬 find()가 사용자정의 함수 안에서 제대로 작동하질않아요!
답변 1

",Python, 2021-02-27 
"
 답변 1

나도코딩 파이썬 웹스크래핑 강의를 듣는중 결과값이 안나오는 문제가 생겼습니다.
답변 1
댓글 1
",Python, 2021-02-25 
"
 답변 1

(문자열 처리) 원래 작업하던 코드는 실행이 안되고 간이형으로 만든 코드는 잘 돌아가네요 도대체 문제가 뭔지 알려 주실 수 있는 분 조언 부탁 드립니다
답변 1

",Python, 2021-02-18 
"
 답변 1

format함수 공부중 궁금한것
답변 1

",Python, 2021-02-21 
"

마인크래프트 봇 만드는 자바스크립트 소스 Mineflayer 3.0 출시
댓글 1
",Javascript, 2021-02-15 
"

코틀린 KAPT를 대체할 KSP 알파 버전 발표.

",Kotlin, 2021-02-11 
"
 답변 1

크롬 console에서 <script> 내용 해석 질문
답변 1

",Javascript, 2021-02-09 
"
 답변 1

jstl foreach 반복문 돌린값중 특정값을 가져와서 게시글을 삭제하고 싶습니다
답변 1

",Java, 2021-02-04 
"
 답변 1

R 기초 질문입니다. 사용되지 않은 인자 에러
답변 1

",R, 2021-01-28 
"
 답변 1

자바스크립트 연습 중에 발생한 문제 입니다.
답변 1

",Javascript, 2021-02-02 
"
 답변 1

초보 개발자 겸 마케터입니다. 자바스크립트 관련 문의. indexOf에 관하여
답변 1

",Javascript, 2021-02-01 
"
 답변 1

componentDidMount 에서 this.setState가 작동하지않습니다
답변 1

",Javascript, 2021-01-23 
"
 답변 1

Firebase에서 받은 Json 데이터 형태를 Map으로 출력시키고 싶습니다
답변 1

",Javascript, 2021-01-22 
"
 답변 1

Java JDK 버전과 JVM 버전 궁합? 관계 질문
답변 1

",Java, 2021-01-18 
"
 답변 대기중

제이쿼리로 index값 관련 질문 있습니다
답변 대기중
댓글 1
",Javascript, 2021-01-14 
"

실무 크롤링에 사용되는 파이썬 크롤링 라이브러리 공유합니다 :)

",Python, 2021-01-04 
"

아마존 SES로 이메일 간편하게보내는 라이브러리 공유합니다:)
댓글 1
",Javascript, 2021-01-02 
"
 답변 1

파이선 고수분들 도움부탁드립니다. 쉬운문제입니다.
답변 1

",Python, 2020-12-28 
"
 답변 1

파이썬 IDE 차이에 관해 질문드립니다
답변 1

",Python, 2020-12-19 
"
 답변 1

모바일 웹 사이트에서 후면 카메라를 백그라운드로 넣을수있을까요?
답변 1

",Javascript, 2020-12-14 
"
 답변 1

python에서 selenium으로 webdriver chrome을 headless로 실행하면 에러는 발생하지 않지만 결과가 나오지 않는 이유는 무엇일까요?
답변 1

",Python, 2020-12-11 
"
 답변 1

나도코딩 파이썬 활용편1 pip install pygame
답변 1

",Python, 2020-12-05 
"
 답변 대기중

R 프로그래밍 관련 질문입니다 (반복문, 데이터 저장)
답변 대기중

",R, 2020-12-08 
"
 답변 1

나도코딩 파이썬 활용편1 pip install pygame
답변 1

",Python, 2020-12-05 
"
 답변 대기중

자바 thread
답변 대기중

",Java, 2020-12-07 
"
 답변 1

require 함수로 외부모듈을 불러오려고 하는데 require is not defined로 뜹니다.
답변 1

",Javascript, 2020-12-04 
"
 답변 1

문자열 개수 세기에 대해서
답변 1

",C, 2020-12-05 
"
 답변 대기중

VBA 코드를 Python 으로 바꿀 수 있을까요?
답변 대기중

",Python, 2020-12-05 
"

Messaging Rest API 추천..

",Java, 2020-12-04 
"
 답변 대기중

JAVA 코드를 PYTHON 으로 바꾸고 싶은데 도움 부탁드립니다 ㅠㅠ
답변 대기중

",Java, 2020-11-30 
"
 답변 대기중

그러면 void가 문제인건가요?
답변 대기중

",C, 2020-12-02 
"
 답변 1

파이썬을 이용한 네이버웹툰 웹스크래핑을 연습중인데요. 코드에러의 이유를 도통 모르겠네요.ㅠ
답변 1

",Python, 2020-11-26 
"
 답변 1

c언어 main이가 ~~에 여러번 정의 되어있습니다 관련 질문 입니다.
답변 1

",C, 2020-11-23 
"
 답변 1

알고리즘 질문
답변 1

",Python, 2020-11-22 
"
 답변 1

asp.net 리피터를 이용한 게시판
답변 1

",C#, 2020-11-12 
"
 답변 1

현재 리눅스에서 공공 데이터 api를 내려받는 프로그램을 c++으로 구현하려고 합니다.
답변 1

",C, 2020-11-04 
"
 답변 1

r프로그래밍 질문드립니다 !!
답변 1

",R, 2020-10-30 
"
 답변 1

R studio 파이차트 간략하게 만들기
답변 1

",R, 2020-10-23 
"
 답변 1

학원에서 배우고 있는데 프로젝트생성시 create module-info.java file 체크박스를 왜 해제해야하나요 ?
답변 1

",Java, 2020-10-23 
"
 답변 1

동영상 시간조절바 잠금 해제방법 도움좀요 ㅜㅜ
답변 1

",Javascript, 2020-10-07 
"
 답변 1

JMF를 이용하여 RTP를 전송하려고 합니다.
답변 1

",Java, 2020-10-14 
"
 답변 대기중

주어진 엑셀파일을 가지고 표를 만들고싶어요..
답변 대기중

",R, 2020-10-16 
"
 답변 1

R프로그램 조건부확률 간단한문제 ㅜ
답변 1

",R, 2020-10-07 
"
 답변 1

scanner boolean 질문!!
답변 1

",Java, 2020-10-06 
"
 답변 1

flask를 이용한 간단한 비디오 사이트를 만들어 줄 수 있나요?
답변 1

",Python, 2020-09-29 
"
 답변 1

매크로 함수 PRINT()가 정의되어 있을 때 예상되는 출력 결과?
답변 1

",C, 2020-09-30 
"
 답변 1

ggplot X축 데이터 질문입니다!
답변 1

",R, 2020-09-28 
"
 답변 1

list함수 출력에 대해 문의 드립니다!
답변 1

",R, 2020-09-25 
"
 답변 1

R -> 파이썬 클래스 만드는 부분 도움요청드립니다!
답변 1

",Python, 2020-09-25 
"
 답변 1

1씩 증가하는 배열
답변 1

",C, 2020-09-25 
"
 답변 1

java do while문으로 된 반복문에서 중복제거 하는 방법이 있을까요?
답변 1

",Java, 2020-09-18 
"
 답변 2

C++ scientific exponential notation 관련 초보자 질문
답변 2

",C, 2020-09-15 
"
 답변 1

파이썬으로 큰 용량의 mp3 파일을 다루는 것에 대해 물어보고싶습니다
답변 1

",Python, 2020-09-07 
"
 답변 1

자바스크립트,제이쿼리
슬라이더 만들기 질문
답변 1

",Javascript, 2020-09-04 
"
 답변 대기중

c++ 포인트 함수 읽오 오는데 에러발생 합니다.
답변 대기중
댓글 1
",C, 2020-09-08 
"
 답변 1

Run-Time Check Failure #2 예외발생했는데 어디가 잘못된 건지 모르겠습니다.
답변 1

",C, 2020-08-27 
"
 답변 1

문자 역순 출력
답변 1

",C, 2020-08-27 
"
 답변 2

c++ for 문
답변 2

",C, 2020-08-09 
"
 답변 1

VS 2015에서 Cocos2dx 설정 문의
답변 1

",Javascript, 2020-08-14 
"

개발자 신입 또는 주니어 개발자분들 안계신가요? (C# 또는 C++)

",C#, 2020-08-07 
"
 답변 1

Cocos2d-x 아시는 분들 가르쳐주세요
답변 1

",Javascript, 2020-08-06 
"
 답변 1

마리아db 10.4 가 설치가 안됩니다.
답변 1

",Java, 2020-07-17 
"
 답변 2

파이썬 기초 코딩질문
답변 2

",Python, 2020-07-13 
"
 답변 1

라즈베리파이 웹서버 연동 관련해서 질문드립니다 !
답변 1

",PHP, 2020-07-09 
"
 답변 1

안녕하십니까! 프로그래밍 입문을 한지 얼마안된 대학생입니다
제가 자바를 하고있는데,, 밑에 조건에 맞춰서 코딩을 해야하는데,, 도저히 틀을 못잡겠어서 여쭙고자합니다.
답변 1

",Java, 2020-07-01 
"
 답변 1

[JavaScript] 엑셀 읽고 사용할 수 있는 라이브러리를 찾습니다
답변 1

",Javascript, 2020-07-01 
"
 답변 2

c# 윈폼에서의 사용하지 않는창에 마우스클릭 방법
답변 2

",C#, 2020-06-23 
"
 답변 대기중

C# 윈폼에서 다른 프로세스에 마우스클릭하는법 설명 쉽게 해주세요 ㅠ
답변 대기중

",C#, 2020-06-25 
"

최신 HTS 임대 / 해외선물 / 대여계좌 임대 / 선물옵션 HTS임대 / 선물옵션 임대 / 개발 및 수정 가능 / 선물 솔루션 임대

",C, 2020-06-19 
"
 답변 대기중

R 프로그래밍 제발 답변좀 도와주세요 ㅠㅠ
답변 대기중

",R, 2020-06-16 
"
 답변 1

제가 학교 급식을 크롤링하는 프로그램을 짜봤는데요 하다보니 살짝 욕심이 나서 그날 급식만 볼 수 있도록 만들 수 있을까요?
답변 1

",Python, 2020-06-02 
"
 답변 1

전..역변수를 아예 사용안하고 C언어 프로그래밍 하려면 어떤 방향으로 가야하나요????
답변 1

",C, 2020-06-05 
"
 답변 1

r 프로그래밍 과제 질문 부탁드립니다ㅜㅜ
답변 1

",R, 2020-05-22 
"
 답변 1

R에서 T-분포 그릴때 범위 설정이 궁금합니다.
답변 1

",R, 2020-04-27 
"

[Django를 이용한 지역별 코로나맵 소스코드 배포]

",Python, 2020-03-23 
"
 답변 1

node JS 에서 (또는 Java 등 어디에서라도) 실제 사용자에게 보여줄 오류 메시지를 처리하는 올바른 방법이 무엇일까요?
답변 1

",Node.js, 2020-02-26 
"
 답변 대기중

google api 에서 access token 을 refresh 하는것관련해서 질문 드립니다. 좋은밤되세요!
답변 대기중

",Python, 2020-01-30 
"

자바 무료인강 사이트 추천함.

",Java, 2020-01-22 
"
 답변 1

작은 점 구름 A가 큰 점 구름 B에 속하는 집단인지 판별하고 싶을 때, 참고할만한 알고리즘은 어떤게 있을까요?
답변 1

",C#, 2019-12-30 
"
 답변 1

c언어 공부했던 소스들 정리하는법?
답변 1

",C, 2019-12-08 
"

증강현실 콘텐츠 개발 도구 (WebAR SDK)를 무료로 체험해보세요

",Javascript, 2019-09-30 
"

[공고] python 개발자 구하고 있습니다. (엘라스틱서치 프로젝트 유경험자)

",Python, 2019-09-27 
"

[딥러닝 교육 안내] NVIDIA DLI(Deep Learning Institute) Training Course

",C, 2019-09-10 
"
 답변 대기중

파이썬 웹크롤링 중 페이지 이동시....
답변 대기중
댓글 1
",Python, 2019-09-06 
"
 답변 1

[그림, 설명 첨부] DataGridView 값을 Chart로 표시하기
답변 1

",C#, 2019-08-16 
"
 답변 1

esp32 블루투스 질문합니다.
답변 1

",C, 2019-08-09 
"
 답변 대기중

C언어 알고리즘 최적화 과제
답변 대기중
댓글 2
",C, 2019-07-07 
"
 답변 1

안드로이드 스튜디오 alt+enter를 눌렀을 때 import메시지가 뜨질않습니다
답변 1

",Java, 2019-05-28 
"
 답변 1

C언어 strcpy질문드립니다
답변 1

",C, 2019-05-25 
"
 답변 대기중

네이버 블로그의 수상한 기능?(HTML)
답변 대기중
댓글 1
",Javascript, 2019-05-20 
"
 답변 1

C언어 최빈값(mode)관련 질문입니다...
답변 1
댓글 1
",C, 2019-05-12 
"
 답변 1

[Android ] 안드로이드 디버깅 및 테스트 질문입니다.
답변 1

",Java, 2019-05-10 
"
 답변 2

네이버지도 웹크롤링중 페이지이동에 대해서 질문드립니다
답변 2

",Python, 2019-03-31 
"
 답변 1

스택 질문 드려요
답변 1

",C, 2019-04-23 
"
 답변 1

port 접속 비정상오류에 대한 질문입니다.
답변 1

",C#, 2019-04-20 
"
 답변 1

r프로그래밍 질문드립니다 ㅠㅠ
답변 1

",R, 2019-04-15 
"
 답변 1

c 언어 질문드려요 ( 카테고리에 c언어가 없네요..)
 답변 1
댓글 1
",C, 2019-04-18 
"
 답변 1

css 로딩 순서에 대한 질문입니다.
답변 1

",CSS, 2019-04-05 
"
 답변 1

소스코드를 파싱해주는 라이브러리 같은건 없을까요?
답변 1

",Java, 2019-04-01 
"
 답변 1

Inner Interface 혹은 Interface안에 InnerClass
답변 1

",Java, 2019-04-03 
"
 답변 1

java를 처음 보는데
답변 1

",Java, 2019-02-11 
"
 답변 1

if문 사용법에 질문이있습니다
답변 1

",Python, 2018-12-14 
"
 답변 대기중

실시간 이벤트 처리 방법(Esper 사용법)
답변 대기중
댓글 1
",Java, 2018-12-14 
"
 답변 1

C# HttpContext에서 context 파라메터의 입력 형태가 어떻게 되나요?
답변 1

",C#, 2018-12-04 
"
 답변 1

MDN 배열 문제에 관하여 - 배열과 반복문을 중심으로
답변 1

",Javascript, 2018-11-28 
"
 답변 3

JAVA 이클립스에서 WSDL 클라이언트 환경 구성
답변 3

",Java, 2018-11-09 
"
 답변 1

자바로 만든 이런 스도쿠 어디서 참고 할만한 곳 없을까요?
답변 1

",Java, 2018-10-25 
"
 답변 1

IE11 > addEventListener 를 사용하는 부분에서 callback 이 호출이 안됩니다.
답변 1
댓글 2
",자바스크립트, 2018-08-29 
"
나는야 Java 초보자
",자바, 2018-07-04 
"
 답변 1

금융 SI 1년차 미래를 바라봐서는 퇴사하는게 나을까요?
답변 1

",자바, 2018-06-25 
"
 답변 1

node.js upgrade-insecure-requests : 1 해결방법 아시는분 ㅜㅜ
답변 1

",자바스크립트, 2018-06-25 
"

[JavaScript] JavaScript / argument 객체

",자바스크립트, 2018-06-16 
"

[JavaScript] 유효범위
댓글 1
",자바스크립트, 2018-06-16 
"
나는야 Java 초보자
",자바, 2018-06-11 
"

JSP_데이터 유지관리 기법 [ Cookie, Session ]

",jsp, 2018-06-07 
"

JSP_액션태그 [ <jsp:...> ]
댓글 1
",jsp, 2018-06-07 
"
나는야 Java 초보자
",자바, 2018-05-31 
"
나는야 Java 초보자
",자바, 2018-05-20 
"

Java) 정렬코드 (버블 정렬, 선택 정렬, 삽입 정렬)
댓글 1
",자바, 2018-05-16 
"
히정이의 PHP 노트~^ㅇ^
",PHP, 2018-05-12 
"
 답변 1

안녕하세요 초보 개발자입니다.
답변 1

",자바스크립트, 2018-04-22 
"
나는야 Java 초보자
",자바, 2018-04-18 
"
 답변 1

안녕하세요 초보 개발자입니다.
답변 1

",PHP, 2018-04-22 
"
히정이의 PHP 노트~^ㅇ^
",PHP, 2018-04-04 
"
히정이의 PHP 노트~^ㅇ^
",PHP, 2018-03-30 
"
나는야 Java 초보자
",자바, 2018-03-25 
"

$5분투자$ 간단한 css예제 풀어봅시다!!
댓글 3
",CSS, 2018-03-16 
"
Java 일단 입문하기
",자바, 2018-03-15 
"
나는야 Java 초보자
",자바, 2018-03-16 
"
나는야 Java 초보자
",자바, 2018-03-15 
"
나는야 Java 초보자
",자바, 2018-03-05 
"
나는야 Java 초보자
",자바, 2018-02-02 
"

Building Real-Time Web Applications using wolkenkit

",Node.js, 2018-02-03 
"
나는야 Java 초보자
",자바, 2018-01-29 
"
 답변 1

Thread(쓰레드) 웹프로그래밍할때 많이쓰이나요?
답변 1

",자바, 2018-01-25 
"
 답변 1

코드가 이해가 되지 않아요ㅠㅠ 해석부탁드려요!!
답변 1
댓글 1
",자바, 2018-01-22 
"
Java 일단 입문하기
",자바, 2018-01-24 
"
Java 일단 입문하기
",자바, 2018-01-23 
"
Java 일단 입문하기
",자바, 2018-01-23 
"

자바를 처음보시는 분들께
댓글 1
",자바, 2018-01-22 
"
PHP 일단 입문하기
",PHP, 2018-01-19 
"
 답변 1

PHP관련 책
답변 1

",PHP, 2018-01-16 
"
나는야 Java 초보자
",자바, 2018-01-31 
"
 답변 2

php import한 소스를 웹에서 출력시켰을때
답변 2

",PHP, 2017-12-06 
"
 답변 1

자바스크립트 이미지 출력관련 질문입니다
답변 1

",자바스크립트, 2017-11-21 
"
 답변 2

이미지 미리보기 관련 질문입니다
답변 2

",자바스크립트, 2017-11-16 
"

최신 프론트엔드 치트 시트(Cheat Sheet) 한눈에 보기

",자바스크립트, 2017-11-27 
"
 답변 1

이미지 출력 질문 소스코드 추가해서 다시 올립니다..
답변 1

",자바스크립트, 2017-11-21 
"

안드로이드 Anko, Kotlin으로 살펴보기

",KOTLIN, 2017-11-20 
"
 답변 1

Mac os에서 mamp를 이용해 로컬 워드프레스 개발 환경을 구축하려는데 ftp를 어떻게 연결해야 할 지 모르겠습니다.
답변 1

",PHP, 2017-11-11 
"
 답변 1

정규표현식으로 특정 문자 삭제 질문입니다.
답변 1

",자바스크립트, 2017-11-06 
"

NodeJS에서 letsencrypt와 greenlock으로 SSL(https) 적용하기

",Node.js, 2017-11-04 
"

Intersection Observer API와 lozad.js 로 이미지 지연 로딩하기

",자바스크립트, 2017-10-24 
"

HTML iframe과 통신하기 - postMessage
댓글 1
",자바스크립트, 2017-10-24 
"

코딩하면서 background-image : url(...) 쓸 때 꼭 유의할 사항

",CSS, 2017-10-15 
"

Passport.js 완벽 가이드

",자바스크립트, 2017-10-25 
"

php 개발 코딩
댓글 1
",PHP, 2017-10-20 
"

간단히 훑어보는 자바스크립트 기본기 다지기

",자바스크립트, 2017-10-16 
"

Modern PHP 란?

",PHP, 2017-10-10 
"
 답변 1

addEventListener() 함수의 인자에 관하여
답변 1

",자바스크립트, 2017-09-09 
"

애플 스위프트 개발자 감소, 멀티플랫폼 프레임워크에 빼앗겨

",SWIFT, 2017-10-10 
"
 답변 1

if문에서 true/false 체크에 관하여
답변 1

",자바스크립트, 2017-09-10 
"

@Deprecated에 대처하는 방법

",자바, 2017-10-08 
"
 답변 1

jQuery에서 ready()와 window.onload = function()의 차이점에 대해서 궁금합니다.
답변 1
댓글 1
",자바스크립트, 2017-09-09 
"
 답변 1

노드의 이동과 if문에 관한 질문입니다.
답변 1

",자바스크립트, 2017-09-16 
"
 답변 1

방금 질문올린 if($selectMenuItem)에 대해서 다른 식으로 질문을 드립니다.
 답변 1

",자바스크립트, 2017-09-12 
"
 답변 1

if($selectMenuItem) 관련 질문을 다시 올립니다.
답변 1

",자바스크립트, 2017-09-12 
"
 답변 1

setInterval() 함수에서 정하는 시간에 관해서입니다.
답변 1

",자바스크립트, 2017-09-08 
"
 답변 1

글자 출력과 alert() 문제
답변 1

",자바스크립트, 2017-09-07 
"
 답변 1

setInterval() 함수에 관해 질문드립니다.
답변 1

",자바스크립트, 2017-09-03 
"

애플 스위프트를 배워야하는 12가지 이유
댓글 1
",스위프트, 2017-08-29 
"

“자바가 죽었다구요? 천만의 말씀!”
댓글 1
",자바, 2017-09-02 
"

Node.js 또 분기된다··· 이번엔 '정치적' 이유

",노드제이에스, 2017-08-28 
"
 답변 1

javascript beginner입니다. ^^; 질문을 좀 드려봅니다.
답변 1
댓글 3
",자바스크립트, 2017-08-23 
"
Kimho의 PHP5 웹프로그래밍
",PHP, 2017-08-17 
"

사용자의 액션에 반응하는 UI 라이브러리, eg.Axes

",자바스크립트, 2017-08-18 
"
Kimho의 PHP5 웹프로그래밍
",PHP, 2017-08-04 
"

프.알.못이 Swift로 아이폰 앱 만들기

",스위프트, 2017-08-08 
"

Android 개발을 수주해서 Kotlin을 제대로 써봤더니 최고였다

",코틀린, 2017-08-07 
"
Kimho의 PHP5 웹프로그래밍
",PHP, 2017-08-04 
"
Kimho의 PHP5 웹프로그래밍
",PHP, 2017-08-07 
"

예제로 애플 ARKit을 배워보자

",스위프트, 2017-07-27 
"

PHP로 된 머신 러닝 라이브러리
댓글 2
",PHP, 2017-07-12 
"

초 간단하게 동적 이미지 로딩

",자바스크립트, 2017-07-17 
